id,title,total_likes,total_purchases,unit_price_in_usd
200019,Live Apple Event - Apple September Event 2017 - iPhone 8, iPhone X, iOS 11 - Apple Keynote,6,205,5.6
200088,Holly and Phillip Meet Samantha the Sex Robot | This Morning,10,751,0
200108,My DNA Test Results! I'm WHAT?!,23,1964,2.5
200111,getting into a conversation in a language you don't actually speak that well,21,689,17.04
200197,Baby Name Challenge!,8,119,3.75
200224,REVEALED - FIFA 18 stats for Chelsea's Hazard, Luiz & Christensen!,12,341,7.12
200256,Juicy Chicken Breast - You Suck at Cooking (episode 65),7,236,4.15
200318,Nerf Bow Trick Shots | Dude Perfect,11,673,9.8
200346,Weekend in BRIGHTON with Mike! | Fleur De Vlog,26,415,30.08
200354,Radiohead - Lift,7,125,11
200371,iPhone leaks (YIAY #355),8,1382,13.56
200373,Flinch w/ Fifth Harmony,8,139,13.58
200386,Harry Styles - The Chain (Fleetwood Mac cover) in the Live Lounge,38,1016,64.8
200403,Action Bronson and Sean Evans Have a Sandwich Showdown, Judged by Mario Batali | Sean in the Wild,7,193,4.8
200411,What's Actually the Plane of the Future,19,1023,15.84
200426,THIS MADE MY DAD CRY! | Story of my Comeback Competition,7,3115,3.45
200433,Fergie - You Already Know ft. Nicki Minaj,34,6477,27.6
200448,WHY I STOPPED UPLOADING,9,227,5.15
200454,How 9/11 changed Disney's Lilo & Stitch,11,1151,3.32
200461,Drowning for Power - Rooster Teeth Animated Adventures,20,878,14.44
200526,The Child in Time: Trailer - BBC One,10,142,4.27
200529,Was It Worth It?,20,244,19.52
200558,The Problem With Our Phones,8,427,23.56
200562,Fenty Beauty Pro Filt'r Foundation Review|| Nyma Tang #thedarkestshade,11,1081,4.48
200587,playing with old fridges -  public information film 1970s UK advert,21,900,36.16
200655,PewDiePie Getting TAKEN DOWN After Saying N Word? KSI CALLS Out PewDiePie, Banks Defends Him,8,1604,3.24
200698,Autumn Hair, Lingerie & Lots More! August Favourites 2017 | Melanie Murphy,8,1375,8.96
200705,TESTING SOPH X MAKEUP REVOLUTION PALETTES!! | sophdoesnails,34,1287,13.76
200740,Asuka is coming to Raw: Raw, Sept. 11, 2017,7,128,14.91
200779,Fifty Shades Freed - Teaser [HD],7,94,2.36
200844,MOVING VLOG #2 | EVERYTHING IS PINK, A HOUSE TOUR OF WHAT I'VE DONE SO FAR+ BUILDING IKEA FURNITURE!,10,1812,7.36
200903,SHOPPING FENTY BEAUTY & BACK AT THE GYM | VLOGTEMBER,16,575,7.92
200944,$3 Seafood Vs. $213 Seafood • Australia,14,300,15.3
200950,After Hours: 6 Movies Whose Timelines Don't Add Up,10,300,7.08
200952,Hand In Hand A Benefit For Hurricane Relief | MTV,17,5324,3.72
200957,FENTY BEAUTY.. IS THIS EVEN REAL?? | FULL REVIEW,11,491,31.28
200987,Jim Carrey Sounds Off on Icons and More at NYFW 2017 | E! Live from the Red Carpet,9,170,5.68
200988,The Good Boys Of YouTube (The Jimquisition),16,1015,5.44
201039,Bolton 0-1 Blades - match action,27,758,27.54
201068,Exclusive: President Trump Being Drugged Ahead Of Coup, Sources Claim,148,134282,36.25
201071,Last Week I Found Jesus,10,100,5.18
201084,Hurricane Irma: Looters caught on camera in Miami - BBC News,9,307,10.44
201149,Rudimental - Sun Comes Up feat. James Arthur [Official Video],7,66,5.4
201155,IM GONNA BE A FATHER (Things Got Awkward),10,286,13.02
201188,FAIL.. + *New* ESTEE LAUDER DOUBLE WEAR NUDE {First Impression Review & Demo!} 15 DAYS OF FOUNDATION,6,87,6.37
201204,Autumn Fashion Haul - £35 Highstreet & Luxury,202,9017,54.81
201234,CHOCOLATE CHIP COOKIE CUPCAKES - NERDY NUMMIES,9,229,8.72
201290,Bryson Tiller - Run Me Dry (Official Video),7,156,1.96
201292,Larry's Back & Nothing Has Changed | Curb Your Enthusiasm Season 9 Trailer #2 (2017) | HBO,7,483,7.91
201302,How Computers Compress Text: Huffman Coding and Huffman Trees,11,176,20.74
201327,Killing spawn peekers can be hard sometimes,18,317,16.24
201342,BLIND TASTE TEST // Grace Helbig,11,386,13.35
201358,Harrison Styles is heading in One Direction… Boot Camp! | Auditions Week 2 | The X Factor 2017,11,791,17.29
201359,Gigi Hadid Loses High Heel During Fashion Week, Walks It Off Like a Pro | TMZ,7,714,3.8
201367,FALL MAKEUP TUTORIAL | Talk  Through Tutorial | Casey Holmes,16,193,10.72
201378,Can You Assume Sexuality Based on a First Impression? | Tell My Story,12,412,27.75
201536,Minelli - Empty Spaces (Official Video) [Ultra Music],8,255,2.24
201589,What NOT to do at University,10,4150,15.62
201635,A tribute to Sir Bruce Forsyth - Strictly Come Dancing 2017: Launch,11,2011,1.56
201700,Stephen A. Smith, Snoop Dogg and Magic Johnson discuss Colin Kaepernick | First Take | ESPN,6,1114,0
201713,NEW In Beauty: September | Fleur De Force,17,111,1.68
201728,Doug hyde Summertime cake tutorial (ice cream van cake),12,95,3.32
201750,The Constitution of the Spartans,9,99,0.6
201765,Super Mario 64 Online Release & Download,12,76,1.06
201768,How Kanye West’s ‘Graduation’ Changed Music | Genius News,13,83,1.16
201770,Noel Gallagher Don't Look Back In Anger We Are Manchester 9/9/17 Oasis,13,749,0.73
201778,what is derealisation / depersonalisation?,123,18840,10
201801,Viral Instagram Makeup Trends!! Wavy Eyebrows Tested! Alisha Marie,16,661,10.08
201805,HOMEWARE ACCESSORIES HAUL | DECORATING OUR NEW FLAT,11,371,5.2
201830,FENTY BEAUTY by RIHANNA FULL REVIEW,8,67,1.18
201836,Watch the moment this Sky News man just couldn't talk about Brexit anymore,21,411,13.09
201839,MINIMINTER REACTS TO KSI - ADAM'S APPLE,6,1357,5.65
201848,I Tried The Wavy Lips Trend?,15,469,3.95
201854,Things you need to know about Pennywise,10,1032,4.55
201855,GOLD DIVA MACARONS- The Scran Line,7,293,0
201869,Try-On FALL HAUL! Fashion + Drugstore Makeup | Ingrid Nilsen,9,73,1.11
201917,Resumen de FC Barcelona vs RCD Espanyol (5-0),7,1571,3.45
201956,Tom Fletcher Book Club at WHSmith,10,192,15.9
201972,Outrageous Post!,12,201,8.04
201978,The Gettable Ken Bone | Real Time with Bill Maher (HBO),11,364,5.04
202001,50 AMAZING Facts to Blow Your Mind! #88,7,134,4.25
202009,Arsenal 3-0 Bournemouth | It's Only One Game, I'm Still Not Confident (DT),27,1616,21.28
202026,These Are The Best Features Coming To iPhones.,10,573,8.55
202038,Hurricane Irma Now a Category 3, Could 'Re-Engergize' to Category 4 | MSNBC,30,311,37.8
202059,The Honda Civic has a very small feature, that I never noticed. Until now.,7,190,13.05
202067,TESTING WEIRD PUPPY TOYS WITH PUPPY!!! *CUTE*,10,1420,11.48
202080,IT - SPOILER Talk,11,152,12.76
202086,Ed Sheeran EXTENDED INTERVIEW on The Graham Norton Show,109,2547,24.48
202147,Rashford and Woodburn not on Owen's level - Rio Ferdinand,8,39,2.08
202156,Sunbro Invades Saboten Con 2017,9,47,0.62
202157,CR7 quiere VOLVER a INGLATERRA | ¿MALA RELACIÓN KUN-GABRIEL JESÚS? | LEWANDOWSKI ‘sueña’ con MADRID,31,2485,21.96
202161,FENTY BEAUTY by RIHANNA... HIT OR MISS?! | Jeffree Star,10,61,1.01
202172,Halle Berry Gets a ‘Magic’ Surprise from Co-Star Channing Tatum,9,79,1
202180,President Trump Delivers a Statement on Hurricane Irma 9/10/17,16,212,13.2
202188,Yosuke Ideguchi AMAZING Goal Japan vs Australia 2-0 (2018 FIFA World Cup Qualifiers),6,126,2.55
202208,El Día Después (11/09/2017): El primer día de Dembelé,11,160,2.48
202210,Sam Smith - Too Good At Goodbyes (Official Audio),8,120,5.5
202219,WE SPEAK TO ARSENE WENGER!!! | Arsenal 3-0 Bournemouth | 💥 AFTV Young Gunz 💥,57,1573,35.34
202233,Stephen King's IT - What's the Difference?,7,231,4.55
202246,What Would You Do: Onlooker harasses parent with different race child,21,294,11.96
202247,AVICII: TRUE STORIES - Official Trailer,10,970,9.84
202329,I'd Fight Yaya Toure | Anthony Joshua and Chill ft. Poet and Vuj,6,95,6
202368,Asa Soltan Rahmati Talks About Her Late Friend Chester Bennington | Shahs of Sunset | WWHL,31,1123,6.3
202392,ATOMEGA - Announcement Trailer | Ubisoft (US),13,164,5.85
202428,ROASTING YOUTUBERS' NAILS (nail diss),6,156,1.8
202466,Killer Whales Attack Minke - Frozen Planet - BBC Earth,115,7260,53.07
202496,Leeds v Burton,32,33319,25.9
202529,The $80 Smartphone Challenge,12,229,21.78
202537,Welcome to JURASSIC FALLS!,12,1027,4.12
202559,24 Genres. Two Artists. One song. All voices. - Shape of You Ed Sheeran,6,227,14.72
202565,ZAYN - Dusk Till Dawn ft. Sia,28,5087,8.91
202572,FENTY BEAUTY - FIRST IMPRESSIONS & REVIEW | JAMIE GENEVIEVE,16,3987,7.98
202585,Match of the the Day's Premier League all-time XI - BBC Sport,23,3310,6.72
202592,What Does Your Search History Say About You?,16,575,19.68
202602,XQ Super School Live | Broadcast and Pre-Show,7,3542,6.42
202613,INTER vs SPAL 2-0 - Goals & Highlights - 10/09/2017 (HD),40,3947,8.26
202617,FENTY BEAUTY | FULL FACE BEAT,  IMPRESSIONS + REVIEW,8,177,4.3
202619,UFC 215: Post-fight Press Conference,41,816,23.49
202624,Tunnel Cam | Leicester City vs Chelsea | 2017/2018,61,4807,16.16
202634,One America Appeal: Our Friends In Texas,7,128,13.65
202635,U2: You're the Best Thing About Me,19,2676,1.94
202662,Janet Jackson | What About (LIVE) | State Of The World Tour,6,1467,1.42
202677,If kids shows were honest about life,10,153,15.2
202688,Harry Potter Theory: The History Of Hagrid’s Wand,13,146,16.06
202692,Full Face of FIRST IMPRESSIONS 🤔💬 Testing NEW Makeup 💕,7,281,9.68
202803,EMOTIONAL BACK TO SCHOOL!,10,220,4.27
202810,Mixing All My Foundations Together,7,338,5.6
202812,Bojack Horseman - For Your Own Good,8,120,3.4
202818,The Current War Official Trailer #1 (2017) Benedict Cumberbatch, Tom Holland Biography Movie HD,23,991,12.7
202845,How To Be Honest | Awkward Puppets,8,180,5.1
202916,Are You Fooled By These Audio Illusions?,8,114,1.32
203000,Tracking Hurricane Irma 9-8-17 8pm Advisory,16,279,12.15
203011,Update: Problem with Chemo Pills,24,709,8.91
203014,Small Hands Samsung Galaxy Note 8 Review,22,544,43.75
203066,Kelly Clarkson - Love So Soft [Official Video],15,531,8.76
203101,Last Night of the Proms is even better with subtitles,9,107,2.22
203104,ELEPHANT IN THE ROOM,133,4763,211.75
203155,Blake Shelton - I'll Name The Dogs (Official Music Video),13,933,2.76
203228,Fifth Harmony - Deliver,7,142,9.2
203254,[SEVENTEEN] GOING SEVENTEEN EP.14,25,1550,10.62
203255,George Michael - Fantasy (Audio) ft. Nile Rodgers,6,57,6.8
203286,Young Thug & Carnage: Young Martha Homie ft Meek Mill [Official Music Video],17,370,11.22
203301,Liza Koshy's Dream Office Makeover | OMG We're Coming Over | Mr. Kate,6,336,5.3
203305,Straight From : Serge Aurier,12,831,14.08
203306,American Horror Story: CULT BEE HIVE,8,322,6.75
203338,Graham Norton Compares His Show With Stephen's,12,177,7.2
203380,WE MIGHT HAVE TO EVACUATE!,32,1768,15.84
203395,Foo Fighters - The Line (Audio),6,173,8.26
203411,Taylor Swift NOW Presents: See What Taylor’s Up To NOW | AT&T,21,290,44.22
203424,James Blunt as Chief Blunt Officer at Tinder,26,3914,19.95
203430,COME SHOPPING WITH ME + HAUL: HOMESENSE EDITION | Hello October Vlog | AD,19,1505,7.92
203466,ONLINE SHOPPING HAUL 2017! (with me, a shopaholic),11,764,13.31
203509,NARS PowerMatte Liquid Lipstick Try On and Review,7,197,5.04
203531,9 Things You Need To Know About Kittens - Simon's Cat | 101,9,1014,14.28
203556,Jacob Rees-Mogg Says That He Opposes Abortion and Same-Sex Marriage | Good Morning Britain,13,226,16.38
203579,THE ULTIMATE AMY WINEHOUSE MAKEUP TUTORIAL with Guest Artist Valli O’Reilly,9,112,12.9
203678,Oscar De La Hoya On Why Mayweather vs McGregor Was Disrespectful To Boxing, Predicts Canelo vs GGG,32,3688,9.3
203698,COUPLES IT PRANK *CLOWN*,57,4453,20.33
203702,WTF HAVE I BEEN SENT? MY MOST EPIC UNBOXING YET - THE QUEEN EDITION!,15,3602,2.94
203713,(ZO) Lonzo Ball - Melo Ball 1 Ft. Kenneth Paige,16,3104,3.72
203714,The Cast of “It” Rates Everyday Scary Things | Teen Vogue,36,472,31.92
203719,Howell and Lester's KITCHEN NIGHTMARES - Overcooked!,10,1987,4
203723,Teen Who Anthony Weiner Sexted Comes Forward: 'I Was Disgusted.',46,4270,17.16
203760,Triple Chocolate Caramel Banana Dessert  | How To Cook That,7,123,3.72
203779,Lil Durk - Goofy ft. Future & Jeezy (Official Music Video),11,284,6.72
203830,MENDY LOVES HOME DEBUT | POST MATCH INTERVIEW | CITY 5-0 LIVERPOOL,13,110,4.98
203881,It - Movie Review,8,138,3.35
203904,My FIANCÉ Buys My Outfits! OMG! Shopping Challenge 2017! Natalies Outlet,8,6211,1.76
203918,How to pronounce German Car Names,11,204,12.32
203919,U2 - You’re The Best Thing About Me (Lyric Video),12,184,14.08
203944,Hoffenheim vs. Bayern München - The Fastest Goal and Late Lewandowski Strike,15,412,18.43
203961,Let's Play South Park The Fractured But Whole Part 1: CHARACTER CREATION AND DIFFICULTY SLIDER,10,225,3.54
203997,Massive Hurricane Irma threatens Florida and beyond,6,786,1.24
204005,Frank Lampard Back At Cobham, The Best El Rondo Ever And This Week At Training | Chelsea Unseen,13,651,4
204012,iPhone X: How The Newest iPhone Came To Be | WIRED,14,226,12.6
204043,Real talk with Afrojack about pre-recorded sets,11,466,19.44
204096,Welcome Back Bam!,12,359,9.8
204098,Carpool Karaoke: Shakira + Trevor Noah,52,1378,71.5
204137,Magic: The Gathering Arena World Premiere Stream,16,413,5.05
204163,Pregnant Day Out! #Ad,11,375,2.64
204169,This tiny modular home adapts to your moods,17,718,5.76
204214,Cookie Dough Sandwich Cookies! | Cupcake Jemma,28,579,4.75
204248,Kevin Gates - Had To [Official Audio],12,1437,4.69
204259,Gary Clark Jr. & Junkie XL - Come Together (Justice League OST),18,553,16.24
204263,Game Theory: How Zelda Breath of the Wild SOLVES The Zelda Timeline!,7,174,0
204272,Out Loud (Lyric Video),17,460,12.15
204275,Don Williams 1978,12,633,0.63
204280,SINGING YOUR QUESTIONS 7,16,244,11.73
204281,Film Theory: How Wonder Woman FAILED Us!,17,456,3.84
204290,5 Easy & Creative Avocado Recipes | CHEAP CLEAN EATS,6,133,4.2
204291,SHOPPING IN STOCKHOLM WITH ANNA | Lily Pebbles,8,397,0
204310,Bojack Horseman: Unlucky in Love,33,577,24.44
204336,The xx cover My Love by Justin Timberlake in the Live Lounge,17,268,16.34
204346,Lil Uzi Vert - XO Tour Llif3 (Official Music Video),15,155,14.16
204366,Trying New Makeup Products,6,105,2.22
204517,The Square - Official Trailer,15,410,12.42
204519,St. Vincent - Los Ageless (official audio),66,33897,7.63
204535,Beck - Up All Night,9,435,21
204588,How Fast Do Tails’ Tails Gotta Go To Fly? (Because Science w/ Kyle Hill),8,655,3.92
204608,James Blunt - California [Official Lyric Video],6,254,8.82
204646,Bill Skarsgård's Demonic “IT Smile  - CONAN on TBS,31,777,11.2
204647,1 YEAR OF VLOGGING -- HOW LOGAN PAUL CHANGED YOUTUBE FOREVER!,136,61420,39.24
204657,Hello, world. Meet our baby girl: Alexis Olympia Ohanian, Jr.,6,240,6.84
204658,Live Apple Event - Apple September Event 2017 - iPhone 8, iPhone X, iOS 11 - Apple Keynote,31,7960,27.81
204731,iPhone X (parody),19,469,15.39
204756,Buying Things For The House & Getting Hurt | Tanya Burr,7,706,3.75
204759,SPIKED by a Sea Urchin?,8,132,3.96
204829,Apple iPhone X first look,8,64,19.36
204853,Lana Del Rey - White Mustang (Official Video),19,325,8.88
204896,Baby Name Challenge!,19,348,12.9
204940,SOY PABLO Extended Trailer  -- A Bad Lip Reading of Narcos, a Netflix Original Series,7,186,14.98
204975,Honest Trailers - The Mummy (2017),8,212,11.62
205020,My DNA Test Results! I'm WHAT?!,11,2621,6.02
205158,The real reason To Kill A Mockingbird became so famous,8,254,7.36
205161,playing with old fridges -  public information film 1970s UK advert,23,342,12.24
205185,ATTACKED BY A POLICE DOG!!,14,742,13.65
205255,Flinch w/ Fifth Harmony,7,430,6.55
205316,getting into a conversation in a language you don't actually speak that well,17,550,34.32
205397,Everything Wrong With Alien: Covenant In 16 Minutes Or Less,142,95490,43.86
205446,Angelica Hale: 10-Year-Old Singer Blows The Audience Away - America's Got Talent 2017,11,513,7.74
205513,Fergie - You Already Know ft. Nicki Minaj,82,18354,8.54
205547,Radiohead - Lift,9,273,6.42
205578,Official US Find Your Voice Trailer - Disney/Pixar's Coco,11,271,7.8
205593,Nerf Bow Trick Shots | Dude Perfect,11,10706,1.28
205599,Juicy Chicken Breast - You Suck at Cooking (episode 65),12,159,16.8
205610,PUBG AIRSOFT - REAL LIFE BATTLEGROUNDS!,15,235,12.42
205649,Weekend in BRIGHTON with Mike! | Fleur De Vlog,6,317,2.4
205670,A Day In The Life: What I Eat In A Day | The Anna Edit,21,2917,49.02
205716,REVEALED - FIFA 18 stats for Chelsea's Hazard, Luiz & Christensen!,62,1390,46.41
205730,Best Floyd Mayweather Interview | Awkward Puppets,12,1296,8.68
205757,Bolton 0-1 Blades - match action,7,89,4.2
205773,What's Actually the Plane of the Future,46,1089,27.94
205797,Farage to Juncker: You've Learnt Nothing from Brexit,14,299,5.35
205829,Gucci Mane - Curve feat The Weeknd [Official Audio],6,233,18.7
205836,The Child in Time: Trailer - BBC One,6,251,6.18
205843,The xx - On Hold (Jamie xx Remix),13,242,10.71
205855,Bell's Theorem: The Quantum Venn Diagram Paradox,6,528,0.84
205859,Enzo Amore vs. The Miz: Raw, Sept. 11, 2017,6,106,2.85
205999,Rudimental - Sun Comes Up feat. James Arthur [Official Video],11,310,13.58
206000,The Clowns Who Say the 'IT' Movie Could Ruin Their Careers | This Morning,17,108,19.57
206032,Does Maggie Gyllenhaal Have Taylor Swift’s Scarf? | WWHL,10,1215,7.74
206052,Action Bronson and Sean Evans Have a Sandwich Showdown, Judged by Mario Batali | Sean in the Wild,10,127,13.1
206057,THIS MADE MY DAD CRY! | Story of my Comeback Competition,17,182,18.4
206066,Harry Styles - The Chain (Fleetwood Mac cover) in the Live Lounge,14,1078,2.02
206071,The Problem With Our Phones,8,150,3.72
206083,It's Time For The Jack & Reiss Show!!! | Arsenal v FC Köln Starting 11,9,8423,3.33
206200,Meet Me in the Gap - Cher & Future - Full TV Spot,120,4711,71
206274,What Do You Want to Eat?!,6,258,3.9
206302,Bryson Tiller - Run Me Dry (Official Video),15,348,13.64
206349,WHY I STOPPED UPLOADING,6,361,1.74
206373,Hand In Hand A Benefit For Hurricane Relief | MTV,7,269,10.71
206401,SHOPPING FENTY BEAUTY & BACK AT THE GYM | VLOGTEMBER,8,210,3.21
206443,Fenty Beauty Pro Filt'r Foundation Review|| Nyma Tang #thedarkestshade,6,203,6.6
206452,What's In This 90s Mystery Caboodle?,97,1191,77.22
206457,Drowning for Power - Rooster Teeth Animated Adventures,142,82228,26.8
206474,PewDiePie Getting TAKEN DOWN After Saying N Word? KSI CALLS Out PewDiePie, Banks Defends Him,14,532,26.4
206495,Exclusive: President Trump Being Drugged Ahead Of Coup, Sources Claim,35,437,10.44
206502,Jumping Through Impossible Shapes!,23,553,22.26
206513,FENTY BEAUTY.. IS THIS EVEN REAL?? | FULL REVIEW,22,375,20.68
206601,Fifty Shades Freed - Teaser [HD],7,168,7
206602,MOVING VLOG #2 | EVERYTHING IS PINK, A HOUSE TOUR OF WHAT I'VE DONE SO FAR+ BUILDING IKEA FURNITURE!,13,222,16.2
206671,How To Make LLOYD From The NEW LEGO NINJAGO MOVIE Out Of CAKE | Yolanda Gampp | How To Cake It,6,90,10.32
206723,After Hours: 6 Movies Whose Timelines Don't Add Up,6,82,2.76
206725,$3 Seafood Vs. $213 Seafood • Australia,26,355,18.75
206742,Autumn Fashion Haul - £35 Highstreet & Luxury,12,263,21.25
206787,Gigi Hadid Loses High Heel During Fashion Week, Walks It Off Like a Pro | TMZ,6,3901,9.6
206822,The Good Boys Of YouTube (The Jimquisition),12,114,3.04
206823,Autumn Hair, Lingerie & Lots More! August Favourites 2017 | Melanie Murphy,12,118,2.24
206825,Zappacosta Scores A Screamer. Watch The Goals & More From Chelsea vs Qarabag | The Reaction,13,137,0
206826,IM GONNA BE A FATHER (Things Got Awkward),16,163,10.71
206876,Jim Carrey Sounds Off on Icons and More at NYFW 2017 | E! Live from the Red Carpet,9,143,9.75
206902,FENTY BEAUTY By Rihanna Review + Wear Test,9,105,1.6
206931,Hurricane Irma: Looters caught on camera in Miami - BBC News,21,353,16.15
206991,Last Week I Found Jesus,6,93,3
207016,Ringo Starr on peace, love, and why he thinks Brexit is a 'great move' - BBC Newsnight,14,1321,6.6
207025,Harrison Styles is heading in One Direction… Boot Camp! | Auditions Week 2 | The X Factor 2017,7,1064,0.92
207102,CHOCOLATE CHIP COOKIE CUPCAKES - NERDY NUMMIES,12,204,28.75
207105,Was It Worth It?,8,117,2.26
207118,Tommy Wiseau On Why James Franco Was Perfect For 'The Disaster Artist' | Los Angeles Times,17,1552,15.34
207132,Minelli - Empty Spaces (Official Video) [Ultra Music],8,270,10.78
207168,BLIND TASTE TEST // Grace Helbig,11,2995,7.38
207218,Larry's Back & Nothing Has Changed | Curb Your Enthusiasm Season 9 Trailer #2 (2017) | HBO,10,303,6.44
207236,How Computers Compress Text: Huffman Coding and Huffman Trees,17,556,10.56
207249,Killing spawn peekers can be hard sometimes,13,157,15.73
207261,Can You Assume Sexuality Based on a First Impression? | Tell My Story,10,139,0.65
207265,TESTING SOPH X MAKEUP REVOLUTION PALETTES!! | sophdoesnails,9,119,2.34
207277,Stephen A. Smith, Snoop Dogg and Magic Johnson discuss Colin Kaepernick | First Take | ESPN,21,490,24.32
207309,Things you need to know about Pennywise,13,1788,3.24
207327,A tribute to Sir Bruce Forsyth - Strictly Come Dancing 2017: Launch,99,87934,18.02
207339,NEW In Beauty: September | Fleur De Force,7,176,7.8
207340,For Honor: Season 3 - Tribute Mode Reveal | Trailer | Ubisoft [US],47,1121,57.42
207366,What NOT to do at University,30,1237,17.5
207406,Xenoblade Chronicles 2 - Nintendo Switch - Nintendo Direct 9.13.2017,8,184,11.04
207407,[MV] GFRIEND(여자친구) _ Summer Rain(여름비),11,117,11.25
207488,6X EXTREME SPICY NOODLE CAR RIDE (I CRIED) | Ranz and Niana,19,280,15.4
207502,Mean Girls on Broadway • Talking and Singing,17,3093,4.98
207506,The Constitution of the Spartans,40,4294,4.86
207507,FAIL.. + *New* ESTEE LAUDER DOUBLE WEAR NUDE {First Impression Review & Demo!} 15 DAYS OF FOUNDATION,8,93,7
207511,How Kanye West’s ‘Graduation’ Changed Music | Genius News,49,5083,10.08
207525,what is derealisation / depersonalisation?,42,6696,11.88
207537,Noel Gallagher Don't Look Back In Anger We Are Manchester 9/9/17 Oasis,43,3922,14.4
207637,Viral Instagram Makeup Trends!! Wavy Eyebrows Tested! Alisha Marie,119,24436,16.2
207684,FALL MAKEUP TUTORIAL | Talk  Through Tutorial | Casey Holmes,6,97,1.56
207690,HOMEWARE ACCESSORIES HAUL | DECORATING OUR NEW FLAT,11,136,4.88
207709,FENTY BEAUTY by RIHANNA FULL REVIEW,11,190,12.1
207717,Mike Pence Delivers Moving Speech in Shanksville, PA. Flight 93.,16,250,30.42
207721,GOLD DIVA MACARONS- The Scran Line,34,3403,7.56
207723,Doug hyde Summertime cake tutorial (ice cream van cake),13,2675,8.54
207727,Sunbro Invades Saboten Con 2017,20,180,14.76
207730,Watch the moment this Sky News man just couldn't talk about Brexit anymore,25,2632,4.62
207737,EnVy Eats - Episode 1- Taimou Style Meatballs,37,4273,16.77
207744,TESTING WEIRD PUPPY TOYS WITH PUPPY!!! *CUTE*,8,2738,6.15
207757,Try-On FALL HAUL! Fashion + Drugstore Makeup | Ingrid Nilsen,11,1046,14.56
207778,kirstin - Bad Weather (Official Video),7,162,6.4
207893,Rashford and Woodburn not on Owen's level - Rio Ferdinand,299,103273,122.04
207927,MINIMINTER REACTS TO KSI - ADAM'S APPLE,7,444,10.56
207942,Resumen de FC Barcelona vs RCD Espanyol (5-0),23,2275,34.3
207982,Tom Fletcher Book Club at WHSmith,7,313,3.45
208039,Outrageous Post!,8,409,0.93
208041,El Día Después (11/09/2017): El primer día de Dembelé,9,95,5.39
208051,50 AMAZING Facts to Blow Your Mind! #88,10,300,3.9
208107,Hurricane Irma Now a Category 3, Could 'Re-Engergize' to Category 4 | MSNBC,25,1027,32.4
208124,SM64 Online Tutorial,9,184,5.28
208156,The Honda Civic has a very small feature, that I never noticed. Until now.,9,274,11.6
208164,IT - SPOILER Talk,209,209158,43.65
208238,President Trump Delivers a Statement on Hurricane Irma 9/10/17,6,129,5.46
208278,Sam Smith - Too Good At Goodbyes (Official Audio),6,124,9.52
208287,Yosuke Ideguchi AMAZING Goal Japan vs Australia 2-0 (2018 FIFA World Cup Qualifiers),8,152,13.97
208292,Halle Berry Gets a ‘Magic’ Surprise from Co-Star Channing Tatum,9,165,9.24
208313,FENTY BEAUTY by RIHANNA... HIT OR MISS?! | Jeffree Star,29,403,20.65
208322,I'd Fight Yaya Toure | Anthony Joshua and Chill ft. Poet and Vuj,6,120,5.04
208390,The Gettable Ken Bone | Real Time with Bill Maher (HBO),17,3371,5.4
208409,CR7 quiere VOLVER a INGLATERRA | ¿MALA RELACIÓN KUN-GABRIEL JESÚS? | LEWANDOWSKI ‘sueña’ con MADRID,25,284,7.41
208446,WE SPEAK TO ARSENE WENGER!!! | Arsenal 3-0 Bournemouth | 💥 AFTV Young Gunz 💥,29,2971,3.95
208491,These Are The Best Features Coming To iPhones.,18,381,28.05
208552,Stephen King's IT - What's the Difference?,19,312,20.72
208594,What Would You Do: Onlooker harasses parent with different race child,10,9505,4.08
208615,Ed Sheeran EXTENDED INTERVIEW on The Graham Norton Show,28,460,24.08
208718,AVICII: TRUE STORIES - Official Trailer,8,275,14.56
208745,Dillon Francis - Apple Keynote/iPhone X Reaction Video,9,323,26.25
208754,XQ Super School Live | Broadcast and Pre-Show,47,849,29.93
208761,Janet Jackson | What About (LIVE) | State Of The World Tour,96,25309,23.28
208807,ROASTING YOUTUBERS' NAILS (nail diss),15,141,13.32
208830,Killer Whales Attack Minke - Frozen Planet - BBC Earth,11,1847,15.58
208982,Leeds v Burton,32,599,52.02
209026,The $80 Smartphone Challenge,34,1035,30.3
209034,24 Genres. Two Artists. One song. All voices. - Shape of You Ed Sheeran,16,791,15.9
209049,ZAYN - Dusk Till Dawn ft. Sia,7,135,13.86
209188,Match of the the Day's Premier League all-time XI - BBC Sport,11,757,0.9
209264,FENTY BEAUTY - FIRST IMPRESSIONS & REVIEW | JAMIE GENEVIEVE,15,600,6.65
209267,Rami Malek como Freddie Mercury en Live Aid,11,238,19.8
209303,FENTY BEAUTY | FULL FACE BEAT,  IMPRESSIONS + REVIEW,12,298,34.32
209362,INTER vs SPAL 2-0 - Goals & Highlights - 10/09/2017 (HD),21,261,17.78
209372,If kids shows were honest about life,7,805,1.16
209415,UFC 215: Post-fight Press Conference,12,146,16.94
209436,Tunnel Cam | Leicester City vs Chelsea | 2017/2018,9,356,8.5
209468,What Does Your Search History Say About You?,25,231,17.6
209472,Harry Potter Theory: The History Of Hagrid’s Wand,13,392,11.85
209494,U2: Bullet the Blue Sky,27,6286,4.75
209526,George Michael - Fantasy (Audio) ft. Nile Rodgers,10,146,13.26
209531,The Current War Official Trailer #1 (2017) Benedict Cumberbatch, Tom Holland Biography Movie HD,8,195,13.2
209533,EMOTIONAL BACK TO SCHOOL!,6,154,17.28
209569,Fifth Harmony - Deliver,6,126,2.94
209573,Mixing All My Foundations Together,17,332,32.67
209587,One America Appeal: Our Friends In Texas,14,245,11.3
209606,Are You Fooled By These Audio Illusions?,12,3735,8.91
209625,Tracking Hurricane Irma 9-8-17 8pm Advisory,8,172,11.61
209637,Blake Shelton - I'll Name The Dogs (Official Music Video),22,952,43.55
209668,Update: Problem with Chemo Pills,15,157,12.6
209670,Kelly Clarkson - Love So Soft [Official Video],8,270,4.55
209676,Bojack Horseman - For Your Own Good,15,93,19.84
209685,Last Night of the Proms is even better with subtitles,6,235,2.13
209724,ELEPHANT IN THE ROOM,8,172,2.62
209739,Full Face of FIRST IMPRESSIONS 🤔💬 Testing NEW Makeup 💕,6,152,6.23
209909,[SEVENTEEN] GOING SEVENTEEN EP.14,28,527,36.8
209940,Young Thug & Carnage: Young Martha Homie ft Meek Mill [Official Music Video],6,945,3.12
209954,Liza Koshy's Dream Office Makeover | OMG We're Coming Over | Mr. Kate,155,59868,47.25
209957,Jacob Rees-Mogg Says That He Opposes Abortion and Same-Sex Marriage | Good Morning Britain,11,130,21.85
210030,Small Hands Samsung Galaxy Note 8 Review,9,295,5.4
210055,Straight From : Serge Aurier,16,243,26.24
210088,9 Things You Need To Know About Kittens - Simon's Cat | 101,17,476,16.08
210098,WE MIGHT HAVE TO EVACUATE!,17,762,17.78
210211,Taylor Swift NOW Presents: See What Taylor’s Up To NOW | AT&T,6,301,0.81
210222,COUPLES IT PRANK *CLOWN*,6,130,3.84
210242,James Blunt as Chief Blunt Officer at Tinder,6,452,6.84
210250,COME SHOPPING WITH ME + HAUL: HOMESENSE EDITION | Hello October Vlog | AD,15,318,11.4
210283,How to pronounce German Car Names,14,78,14.72
210303,NARS PowerMatte Liquid Lipstick Try On and Review,9,478,0
210306,Oscar De La Hoya On Why Mayweather vs McGregor Was Disrespectful To Boxing, Predicts Canelo vs GGG,158,158761,25.38
210310,The Cast of “It” Rates Everyday Scary Things | Teen Vogue,26,432,34.02
210333,THE ULTIMATE AMY WINEHOUSE MAKEUP TUTORIAL with Guest Artist Valli O’Reilly,11,159,12
210545,WTF HAVE I BEEN SENT? MY MOST EPIC UNBOXING YET - THE QUEEN EDITION!,15,1772,3.76
210563,Foo Fighters - The Line (Audio),12,194,17.03
210581,(ZO) Lonzo Ball - Melo Ball 1 Ft. Kenneth Paige,9,476,3.99
210609,American Horror Story: CULT BEE HIVE,18,187,13.44
210689,U2 - You’re The Best Thing About Me (Lyric Video),7,4591,4.75
210704,Howell and Lester's KITCHEN NIGHTMARES - Overcooked!,32,611,23.8
210725,Carpool Karaoke: Shakira + Trevor Noah,12,507,7.81
210770,Teen Who Anthony Weiner Sexted Comes Forward: 'I Was Disgusted.',9,552,7.7
210799,ONLINE SHOPPING HAUL 2017! (with me, a shopaholic),9,575,3.21
210809,Bill Skarsgård's Demonic “IT Smile  - CONAN on TBS,19,954,34.65
210815,Shawn Mendes Got Roughed Up by Drake's Security Team,12,182,9.5
210824,Fall Out Boy - The Last Of The Real Ones,8,3837,2.25
210919,Hello, world. Meet our baby girl: Alexis Olympia Ohanian, Jr.,7,234,2.64
210935,Champions League Highlights | Feyenoord 0-4 Manchester City,13,283,7.77
210981,1 YEAR OF VLOGGING -- HOW LOGAN PAUL CHANGED YOUTUBE FOREVER!,32,984,16.53
211009,SOY PABLO Extended Trailer  -- A Bad Lip Reading of Narcos, a Netflix Original Series,7,115,5.55
211046,iPhone X (parody),23,271,20.7
211053,SPIKED by a Sea Urchin?,6,643,3.16
211079,BLINDFOLD GYMNASTICS CHALLENGE😱,39,1430,13.65
211104,Live Apple Event - Apple September Event 2017 - iPhone 8, iPhone X, iOS 11 - Apple Keynote,22,1757,24.96
211157,Lana Del Rey - White Mustang (Official Video),47,1197,11.97
211277,VLOG DAY 1&2 | TAKING ON LOS ANGELES WITH MY BESTFRIENDS!,14,302,5.84
211362,FENTY BEAUTY - Worth The Hype?! | Fleur De Force,22,358,15.3
211395,Apple iPhone X first look,8,141,17.78
211405,Official US Find Your Voice Trailer - Disney/Pixar's Coco,8,147,14.08
211406,Sean Spicer on Inauguration Crowd and Press Corps,17,194,31.68
211430,Playing with old fridges  Kills -  public information film 1970s UK advert,8,225,15.68
211435,Machine Gun Kelly - Let You Go,19,617,40.59
211448,A HOME DAY VLOG | Lily Pebbles,6,102,11.97
211471,Norm Macdonald Is A Comic Genius,17,291,19.95
211532,The xx - On Hold (Jamie xx Remix),6,324,18.2
211558,Buying Things For The House & Getting Hurt | Tanya Burr,28,408,12.3
211579,Dua Lipa x Gallant // In The Room // Episode 6,22,178,8.96
211590,STRANDED ON TOP OF ICELAND! - World Flight Episode 17,11,387,15.96
211604,TRANSITIONAL HIGH STREET HAUL | Samantha Maria,11,186,2.2
211624,The real reason To Kill A Mockingbird became so famous,6,482,3.88
211666,Honest Trailers - The Mummy (2017),7,501,14.64
211670,Painting With My Rat Son 🐀🐾,23,1134,15.84
211680,Flinch w/ Fifth Harmony,10,195,5.11
211691,Gucci Mane - Curve feat The Weeknd [Official Audio],10,490,3.72
211709,My DNA Test Results! I'm WHAT?!,8,79,3.5
211713,Angelica Hale: 10-Year-Old Singer Blows The Audience Away - America's Got Talent 2017,6,98,5.7
211759,Everything Wrong With Alien: Covenant In 16 Minutes Or Less,11,19713,2.37
211765,Fergie - You Already Know ft. Nicki Minaj,34,402,32.16
211781,The Floor is Lava,12,981,3.15
211834,PUBG AIRSOFT - REAL LIFE BATTLEGROUNDS!,411,62819,109.22
211889,Bell's Theorem: The Quantum Venn Diagram Paradox,10,1041,16.94
211906,ATTACKED BY A POLICE DOG!!,9,601,19.04
211915,getting into a conversation in a language you don't actually speak that well,49,3944,17.85
211933,Best Floyd Mayweather Interview | Awkward Puppets,19,666,17.55
211937,A Day In The Life: What I Eat In A Day | The Anna Edit,10,126,5.36
211953,Assassin’s Creed Origins: Order of the Ancients | Trailer | Ubisoft [US],39,1361,13.2
211981,TWICE「One More Time」TEASER,7,146,11.34
211999,Radiohead - Lift,61,645,55.25
212002,The Child in Time: Trailer - BBC One,7,108,2.13
212008,Meet Me in the Gap - Cher & Future - Full TV Spot,65,8123,9.1
212013,Berry Frozen Yogurt Bark Recipe,12,1417,9.31
212073,Lethal Bizzle Teaches Dame Judi Dench How To Rap,23,7242,15
212100,Baby Name Challenge!,8,64,4.86
212102,Weekend in BRIGHTON with Mike! | Fleur De Vlog,20,232,23.2
212105,Juicy Chicken Breast - You Suck at Cooking (episode 65),58,3994,37.8
212122,Nerf Bow Trick Shots | Dude Perfect,23,177,11.4
212151,REVEALED - FIFA 18 stats for Chelsea's Hazard, Luiz & Christensen!,25,326,21.47
212154,Mario Party: The Top 100 - Announcement Trailer - Nintendo 3DS,131,120307,42.24
212164,Rudimental - Sun Comes Up feat. James Arthur [Official Video],6,1110,0.7
212205,UK: Uncover More Pokémon Ultra Sun and Pokémon Ultra Moon Secrets!,26,1125,7.2
212246,Farage to Juncker: You've Learnt Nothing from Brexit,12,162,10.4
212286,What's Actually the Plane of the Future,177,5976,67.34
212295,Does Maggie Gyllenhaal Have Taylor Swift’s Scarf? | WWHL,8,83,10.2
212302,It's Time For The Jack & Reiss Show!!! | Arsenal v FC Köln Starting 11,15,268,15.4
212305,Downsizing (2017) - Official Trailer - Paramount Pictures,9,235,21.28
212344,Bryson Tiller - Run Me Dry (Official Video),9,316,6.93
212350,MY BABY!,6,141,5.45
212355,The Problem With Our Phones,6,165,10.89
212360,Harry Styles - The Chain (Fleetwood Mac cover) in the Live Lounge,7,87,7.15
212383,Action Bronson and Sean Evans Have a Sandwich Showdown, Judged by Mario Batali | Sean in the Wild,7,63,14.28
212424,Enzo Amore vs. The Miz: Raw, Sept. 11, 2017,6,218,14.4
212464,What Do You Want to Eat?!,7,488,13.97
212470,The Clowns Who Say the 'IT' Movie Could Ruin Their Careers | This Morning,6,298,6.23
212723,Bolton 0-1 Blades - match action,7,213,4.2
212725,WHY I STOPPED UPLOADING,12,1461,5.13
212729,Super Mario Odyssey - Nintendo Direct 13.09.2017,18,1246,11.05
212791,Hand In Hand A Benefit For Hurricane Relief | MTV,12,964,2.94
212885,Ringo Starr on peace, love, and why he thinks Brexit is a 'great move' - BBC Newsnight,8,178,10.78
212907,Fenty Beauty Pro Filt'r Foundation Review|| Nyma Tang #thedarkestshade,48,11928,32.39
212932,What's In This 90s Mystery Caboodle?,259,14337,87.36
212962,Doom and Wolfenstein 2 for Switch Announcement Trailer,18,572,9.3
212981,Drowning for Power - Rooster Teeth Animated Adventures,23,386,22.8
212987,Stevie Wonder Mocks Climate Change Deniers During 'Hand In Hand' Telethon,46,2144,36.63
212993,Jumping Through Impossible Shapes!,9,92,10.72
213013,MOVING VLOG #2 | EVERYTHING IS PINK, A HOUSE TOUR OF WHAT I'VE DONE SO FAR+ BUILDING IKEA FURNITURE!,8,121,4.86
213014,SHOPPING FENTY BEAUTY & BACK AT THE GYM | VLOGTEMBER,30,2062,15.08
213035,PewDiePie Getting TAKEN DOWN After Saying N Word? KSI CALLS Out PewDiePie, Banks Defends Him,8,185,2.85
213051,Kelly Clarkson Talks American Idol & Dr. Luke | Interview,14,454,11.07
213066,Fifty Shades Freed - Teaser [HD],13,209,6.12
213073,How To Make LLOYD From The NEW LEGO NINJAGO MOVIE Out Of CAKE | Yolanda Gampp | How To Cake It,14,135,10.71
213087,The Sopranos Phil Leotardo scared Lorraine HD,9,277,9.92
213088,Minecraft for New Nintendo 3DS Edition Revealed - Out Today! (Nintendo Direct 9.13.2017),22,322,36.27
213094,Gigi Hadid Loses High Heel During Fashion Week, Walks It Off Like a Pro | TMZ,136,94751,22.01
213122,IM GONNA BE A FATHER (Things Got Awkward),10,637,9.24
213123,FENTY BEAUTY.. IS THIS EVEN REAL?? | FULL REVIEW,77,1801,14.26
213128,After Hours: 6 Movies Whose Timelines Don't Add Up,31,1717,47.6
213156,Jim Carrey Sounds Off on Icons and More at NYFW 2017 | E! Live from the Red Carpet,23,435,18.75
213240,How Aaron Carter Deals with Stress,13,349,10.3
213244,$3 Seafood Vs. $213 Seafood • Australia,19,563,11.88
213301,Sarah Huckabee Sanders on Jemele Hill,15,478,27.72
213337,[MV] GFRIEND(여자친구) _ Summer Rain(여름비),19,532,9.52
213371,Last Week I Found Jesus,33,368,24.72
213406,Exclusive: President Trump Being Drugged Ahead Of Coup, Sources Claim,24,1806,27.26
213418,Hurricane Irma: Looters caught on camera in Miami - BBC News,6,66,1.94
213430,Minelli - Empty Spaces (Official Video) [Ultra Music],6,561,3.35
213433,CHOCOLATE CHIP COOKIE CUPCAKES - NERDY NUMMIES,40,516,27.36
213442,Tommy Wiseau On Why James Franco Was Perfect For 'The Disaster Artist' | Los Angeles Times,11,1570,3.12
213465,Was It Worth It?,25,1641,5.04
213538,TESTING SOPH X MAKEUP REVOLUTION PALETTES!! | sophdoesnails,11,1631,38.13
213572,Larry's Back & Nothing Has Changed | Curb Your Enthusiasm Season 9 Trailer #2 (2017) | HBO,6,80,1.15
213635,Stephen A. Smith, Snoop Dogg and Magic Johnson discuss Colin Kaepernick | First Take | ESPN,10,158,7.26
213649,BLIND TASTE TEST // Grace Helbig,12,388,20.2
213678,Pitbull defends owner from being attacked by dog. (Graphic) 2017,25,413,48.64
213708,Autumn Fashion Haul - £35 Highstreet & Luxury,6,227,25.74
213710,6X EXTREME SPICY NOODLE CAR RIDE (I CRIED) | Ranz and Niana,12,203,16.8
213745,How Computers Compress Text: Huffman Coding and Huffman Trees,18,236,30.69
213756,Autumn Hair, Lingerie & Lots More! August Favourites 2017 | Melanie Murphy,9,637,4.97
213760,Killing spawn peekers can be hard sometimes,9,1682,12.32
213762,Doug hyde Summertime cake tutorial (ice cream van cake),19,221,27.2
213790,Zappacosta Scores A Screamer. Watch The Goals & More From Chelsea vs Qarabag | The Reaction,7,287,1.54
213796,Can You Assume Sexuality Based on a First Impression? | Tell My Story,13,177,10.3
213810,FENTY BEAUTY By Rihanna Review + Wear Test,7,252,0
213812,Things you need to know about Pennywise,17,305,26.8
213816,Harrison Styles is heading in One Direction… Boot Camp! | Auditions Week 2 | The X Factor 2017,16,1683,5.52
213826,What NOT to do at University,44,10408,30.8
213831,Suicide Prevention Day - Words from Draven Sebastian Bennington,84,19528,36.63
213832,A tribute to Sir Bruce Forsyth - Strictly Come Dancing 2017: Launch,24,11334,7.63
213868,Sunbro Invades Saboten Con 2017,14,431,11.9
213881,The Constitution of the Spartans,33,325,20.25
213919,How Kanye West’s ‘Graduation’ Changed Music | Genius News,6,3039,4.64
214019,FAIL.. + *New* ESTEE LAUDER DOUBLE WEAR NUDE {First Impression Review & Demo!} 15 DAYS OF FOUNDATION,290,76433,170.3
214047,Super Mario 64 Online Release & Download,237,26065,58.42
214054,what is derealisation / depersonalisation?,22,3530,6.09
214102,Dillon Francis - Apple Keynote/iPhone X Reaction Video,6,127,11.9
214140,Noel Gallagher Don't Look Back In Anger We Are Manchester 9/9/17 Oasis,29,1673,22.5
214199,The Calling - The Killers live at O2 Brixton Academy, London,11,454,4.48
214337,FALL MAKEUP TUTORIAL | Talk  Through Tutorial | Casey Holmes,6,153,6.96
214431,EnVy Eats - Episode 1- Taimou Style Meatballs,7,221,8.36
214435,HOMEWARE ACCESSORIES HAUL | DECORATING OUR NEW FLAT,9,310,18.87
214459,Viral Instagram Makeup Trends!! Wavy Eyebrows Tested! Alisha Marie,42,603,9.75
214486,FENTY BEAUTY by RIHANNA FULL REVIEW,7,188,16.12
214492,The Villainess - Official UK trailer,6,292,1.34
214497,Sonic Mania - Green Hill Zone Act 1 in 0'28'61 (Sonic) [SWITCH WR],7,399,12.98
214502,Try-On FALL HAUL! Fashion + Drugstore Makeup | Ingrid Nilsen,35,765,47.16
214512,TESTING WEIRD PUPPY TOYS WITH PUPPY!!! *CUTE*,10,739,4.38
214530,GOLD DIVA MACARONS- The Scran Line,17,499,8.68
214551,Los jugadores de Sacachispas entraron vestidos de guerreros vs Sarmiento (Copa Argentina),13,1040,7.37
214556,MINIMINTER REACTS TO KSI - ADAM'S APPLE,16,173,39.68
214566,Tom Fletcher Book Club at WHSmith,9,447,7.2
214591,Resumen de FC Barcelona vs RCD Espanyol (5-0),21,382,17.1
214600,Outrageous Post!,9,355,18.24
214604,Fool Me Once.... [GTA 5],6,445,2.06
214605,President Trump Delivers a Statement on Hurricane Irma 9/10/17,9,1390,5.88
214640,Mike Pence Delivers Moving Speech in Shanksville, PA. Flight 93.,6,1313,3.24
214643,Hurricane Irma Now a Category 3, Could 'Re-Engergize' to Category 4 | MSNBC,28,542,91.63
214663,El Día Después (11/09/2017): El primer día de Dembelé,21,439,17.22
214723,Tying a Shoe,17,343,26.25
214744,kirstin - Bad Weather (Official Video),10,147,20.91
214775,BRIGHTON & HOVE ALBION 3 WEST BROMWICH ALBION 1,16,1080,0
214790,50 AMAZING Facts to Blow Your Mind! #88,8,141,4.4
214795,Rashford and Woodburn not on Owen's level - Rio Ferdinand,11,2329,9
214858,The Honda Civic has a very small feature, that I never noticed. Until now.,6,145,12.1
214875,IT - SPOILER Talk,6,2712,0
214887,Sam Smith - Too Good At Goodbyes (Official Audio),9,252,4.16
214897,Yosuke Ideguchi AMAZING Goal Japan vs Australia 2-0 (2018 FIFA World Cup Qualifiers),9,403,5.64
214911,FENTY BEAUTY by RIHANNA... HIT OR MISS?! | Jeffree Star,7,529,5.81
214954,AVICII: TRUE STORIES - Official Trailer,9,326,26.52
214997,I'd Fight Yaya Toure | Anthony Joshua and Chill ft. Poet and Vuj,12,147,18.76
215000,Match of the the Day's Premier League all-time XI - BBC Sport,8,105,12.72
215011,WE SPEAK TO ARSENE WENGER!!! | Arsenal 3-0 Bournemouth | 💥 AFTV Young Gunz 💥,19,497,26.18
215117,Stephen King's IT - What's the Difference?,13,852,7.14
215122,The Gettable Ken Bone | Real Time with Bill Maher (HBO),15,402,15.4
215199,These Are The Best Features Coming To iPhones.,6,303,8.1
215216,Ed Sheeran EXTENDED INTERVIEW on The Graham Norton Show,22,660,53.6
215328,What Would You Do: Onlooker harasses parent with different race child,10,840,6.21
215329,ZAYN - Dusk Till Dawn ft. Sia,6,996,3.35
215354,CR7 quiere VOLVER a INGLATERRA | ¿MALA RELACIÓN KUN-GABRIEL JESÚS? | LEWANDOWSKI ‘sueña’ con MADRID,10,222,19.35
215423,Most honest answer by a sportsperson you'll ever see,21,568,14.04
215427,Killer Whales Attack Minke - Frozen Planet - BBC Earth,10,116,9.28
215455,ROASTING YOUTUBERS' NAILS (nail diss),7,158,12.5
215484,Leeds v Burton,10,235,6.6
215510,The $80 Smartphone Challenge,7,157,4.2
215531,Janet Jackson | What About (LIVE) | State Of The World Tour,15,486,5.32
215539,Rami Malek como Freddie Mercury en Live Aid,9,286,24.13
215562,24 Genres. Two Artists. One song. All voices. - Shape of You Ed Sheeran,13,89,13.3
215616,FENTY BEAUTY - FIRST IMPRESSIONS & REVIEW | JAMIE GENEVIEVE,48,3139,18.6
215677,Harry Potter Theory: The History Of Hagrid’s Wand,7,175,7.29
215729,XQ Super School Live | Broadcast and Pre-Show,8,6551,0
215771,INTER vs SPAL 2-0 - Goals & Highlights - 10/09/2017 (HD),23,1269,7.84
215773,UFC 215: Post-fight Press Conference,7,171,1.86
215783,The Current War Official Trailer #1 (2017) Benedict Cumberbatch, Tom Holland Biography Movie HD,29,1866,13.42
215790,Tunnel Cam | Leicester City vs Chelsea | 2017/2018,20,931,8.58
215797,President Trump's Remarks at Camp David Cabinet Meeting - Sept. 9, 2017,30,328,9.15
215848,FENTY BEAUTY | FULL FACE BEAT,  IMPRESSIONS + REVIEW,36,1522,45.98
215850,Mixing All My Foundations Together,10,3352,2.52
215876,Yandel - Como Antes (Official Video) ft. Wisin,21,254,4.86
215889,If kids shows were honest about life,20,763,15.6
215892,Kelly Clarkson - Love So Soft [Official Video],8,3441,7.28
215893,What Does Your Search History Say About You?,11,288,22.89
215917,Fifth Harmony - Deliver,9,773,17.04
215921,One America Appeal: Our Friends In Texas,21,523,11
215930,[SEVENTEEN] GOING SEVENTEEN EP.14,6,114,11.8
215951,Young Thug & Carnage: Young Martha Homie ft Meek Mill [Official Music Video],8,2642,1.98
215972,Burning device filmed on tube carriage at Parsons Green station,11,879,0
215995,10 Reasons NOT To Buy iPhone X!,15,367,10.44
216012,Cardi B. On Her BET Nominations, Nicki Minaj, Dating Offset & Keeping It Hood,41,5189,20.4
216025,Homeware & Disney Primark Haul!,38,1350,25.3
216074,Pregnancy CHAT & BUMP Update! 19-23 Weeks | Fleur De Vlog,41,8961,1.48
216104,Live Stream: Canelo vs. Golovkin Official Weigh-In – Friday, Sept. 15 at 3:30pm ET/12:30pm PT,60,2625,64.08
216117,Shakira - Perro Fiel (Official Video) ft. Nicky Jam,14,509,7.38
216128,Jessie J - Think About That,6,2305,5.67
216141,Stormzy - Sweet Like Chocolate (Shanks & Bigfoot cover) in the Live Lounge,53,445,20.48
216154,Drawing Weird Australian Phrases (Feat. Draw with Jazza) (mate),9,98,8.84
216186,Time to find out what's wrong at the DOCTORS!,22,149,15.2
216197,BTS (방탄소년단) 'DNA' Official Teaser 2,43,8797,14.52
216237,Parsons Green: 'There was a human stampede' - BBC News,11,239,1.98
216250,Fall Out Boy - The Last Of The Real Ones,39,1175,44.08
216297,Game of Thrones Conquest & Rebellion: An Animated History of the Seven Kingdoms (Clip),10,207,6.18
216365,What will you be Turned Into in Space in 60 Seconds Without a Spacesuit,7,123,6.06
216379,Bill Skarsgård's Demonic “IT Smile  - CONAN on TBS,6,695,7.98
216391,I Ordered The First 5 Free Things From Wish,8,225,8.37
216429,FAMILY PHOTOSHOOT!,6,207,4.8
216524,My Day at Apple with the new iPhone X!,11,3318,6.3
216545,Close look at Victoria Beckham Make up Products,6,139,3.99
216551,Champions League Highlights | Feyenoord 0-4 Manchester City,14,189,32.13
216578,DID I REALLY BUY SHOES ON EBAY? | YEEZYS, VALENTINO AND STRAIGHT UP COPIES.,6,216,2.2
216721,Miley Cyrus - See You Again in the Live Lounge,12,215,5.1
216807,VEGAN BANANA BREAD & DINNER AT CLARIDGES,10,720,10.8
216812,BLINDFOLD GYMNASTICS CHALLENGE😱,9,192,8.55
217000,ALL THE MONEY IN THE WORLD - Official Trailer (HD),9,343,28.52
217008,I'M SO DONE WITH THIS..,32,10682,21.85
217023,Mother! - Movie Review,6,1383,1.35
217029,GET READY WITH ME: PR UNBOXING AND TESTING NEW MAKEUP COLLECTIONS | VLOG 35,77,23843,51.48
217074,Trapped in a Snake Tank Pt. 2: 6ft Boa Constrictor,6,1451,1.32
217114,Lethal Bizzle Teaches Dame Judi Dench How To Rap,14,280,27
217116,OMG!  Fights break out as Cologne fans take over London Arsenal vs Cologne Full video,8,118,10.4
217141,My Butt Has Some Complaints About Australia,172,82652,19.24
217150,STRANDED ON TOP OF ICELAND! - World Flight Episode 17,8,242,31.59
217205,CHANGING MY HAIR! | Amelia Liana,35,885,8.52
217206,Everything I Ate In PARIS | Food Diary Friday Vlog | Melanie Murphy,17,24077,0.8
217227,Hello, world. Meet our baby girl: Alexis Olympia Ohanian, Jr.,9,233,9.6
217265,The Insane Full House Theory That Might Be True,6,4482,4.8
217322,Shawn Mendes Got Roughed Up by Drake's Security Team,19,301,37.62
217329,SOY PABLO Extended Trailer  -- A Bad Lip Reading of Narcos, a Netflix Original Series,6,108,10.34
217335,IT PENNYWISE GLAM HALLOWEEN MAKEUP TUTORIAL,7,150,5.5
217403,Official US Find Your Voice Trailer - Disney/Pixar's Coco,8,2352,5.36
217427,Lana Del Rey - White Mustang (Official Video),12,152,18.88
217443,Dillon Francis Hurts His Body with Spicy Wings | Hot Ones,8,132,4.86
217494,Nick Jonas Is the New Late Late Intern,58,353,92.4
217499,Sean Spicer on Inauguration Crowd and Press Corps,11,186,11.22
217550,Life After Hate | September 13, 2017 Act 3 | Full Frontal on TBS,96,6314,87.6
217565,Machine Gun Kelly - Let You Go,6,604,2.62
217570,FENTY BEAUTY - Worth The Hype?! | Fleur De Force,56,1446,24.15
217572,iPhone X (parody),11,3745,3.81
217583,1 YEAR OF VLOGGING -- HOW LOGAN PAUL CHANGED YOUTUBE FOREVER!,9,278,6.21
217619,Dua Lipa x Gallant // In The Room // Episode 6,6,337,4.48
217653,SPIKED by a Sea Urchin?,7,560,6.7
217778,LEGO Ultimate Collectors Series Millennium Falcon (2017) Review!,13,331,33.25
217795,Playing with old fridges  Kills -  public information film 1970s UK advert,11,130,18.18
217796,NYFW, LIMO RIDES & A BIG UNBOXING | Carli Bybel,17,153,18.5
217808,The Road to 5,000,000! [LIVE],28,1354,7.84
217813,VICTORIA BECKHAM COLLECTION | Hot or Not,9,1748,8.8
217853,TRANSITIONAL HIGH STREET HAUL | Samantha Maria,8,121,4.04
217893,WELCOME BABY TAIKA!,88,31161,47.04
217896,Apple iPhone X first look,100,15294,64.19
217911,Live Apple Event - Apple September Event 2017 - iPhone 8, iPhone X, iOS 11 - Apple Keynote,12,827,3.92
217912,FALL ESSENTIALS YOU NEED! BEAUTY & LIFESTYLE | Casey Holmes,10,215,4
217915,Norm Macdonald Is A Comic Genius,7,201,2.31
217931,The xx - On Hold (Jamie xx Remix),20,5177,6.96
217990,BACK TO SCHOOL OUTFIT IDEAS // Grace Helbig,10,188,10.56
218029,Kevin Owens brutally attacks Mr. McMahon: SmackDown LIVE, Sept. 12, 2017,6,622,4.2
218046,REACTING TO MALFIE COMPILATIONS (POINTLESS BLOG),21,19546,2.06
218092,Gucci Mane - Curve feat The Weeknd [Official Audio],11,146,24.6
218108,My DNA Test Results! I'm WHAT?!,24,304,31.72
218148,The Floor is Lava,8,199,22.78
218195,The real reason To Kill A Mockingbird became so famous,6,166,13.2
218305,Buying Things For The House & Getting Hurt | Tanya Burr,7,425,2.04
218328,Honest Trailers - The Mummy (2017),44,1059,13.92
218341,Fergie - You Already Know ft. Nicki Minaj,10,592,6.65
218363,渡辺信一郎監督 ブラックアウト 2022 予告,13,216,2.3
218414,VLOG DAY 1&2 | TAKING ON LOS ANGELES WITH MY BESTFRIENDS!,20,282,14.58
218463,A Day In The Life: What I Eat In A Day | The Anna Edit,8,160,14.19
218464,Angelica Hale: 10-Year-Old Singer Blows The Audience Away - America's Got Talent 2017,140,82652,18
218482,Assassin’s Creed Origins: Order of the Ancients | Trailer | Ubisoft [US],11,311,13
218510,A HOME DAY VLOG | Lily Pebbles,16,1646,1.18
218529,Bell's Theorem: The Quantum Venn Diagram Paradox,19,818,6.72
218571,PUBG AIRSOFT - REAL LIFE BATTLEGROUNDS!,17,717,3.04
218576,TWICE「One More Time」TEASER,10,167,11.1
218577,Everything Wrong With Alien: Covenant In 16 Minutes Or Less,19,1279,20.48
218584,Best Floyd Mayweather Interview | Awkward Puppets,394,20791,28.8
218588,Nerf Bow Trick Shots | Dude Perfect,16,331,16
218599,ATTACKED BY A POLICE DOG!!,8,86,17.68
218601,Meet Me in the Gap - Cher & Future - Full TV Spot,10,232,2.55
218605,Mario Party: The Top 100 - Announcement Trailer - Nintendo 3DS,15,497,3.1
218609,S'mores Alaska with Italian Meringue PLUS a Special Announcement! | Cupcake Jemma,8,1022,5.04
218620,Radiohead - Lift,57,12609,35.26
218633,Jim Carrey Explains Bizarre Interview at New York Fashion Week (2017),14,723,4.26
218691,The Child in Time: Trailer - BBC One,147,50841,44.88
218692,getting into a conversation in a language you don't actually speak that well,15,267,21.44
218742,Does Maggie Gyllenhaal Have Taylor Swift’s Scarf? | WWHL,25,247,37.06
218751,BETTER WATCH OUT (2017) Official Red Band Trailer,12,761,15.12
218758,BOBBY - ‘사랑해(I LOVE YOU)’ M/V,11,225,12.24
218766,REVEALED - FIFA 18 stats for Chelsea's Hazard, Luiz & Christensen!,6,156,11.97
218814,Juicy Chicken Breast - You Suck at Cooking (episode 65),9,255,19.72
218839,Rudimental - Sun Comes Up feat. James Arthur [Official Video],12,13987,10.2
218866,Berry Frozen Yogurt Bark Recipe,6,117,3.3
218872,Bryson Tiller - Run Me Dry (Official Video),38,701,29.76
218877,What's Actually the Plane of the Future,70,6121,128.96
218881,Downsizing (2017) - Official Trailer - Paramount Pictures,40,11076,23.1
218894,Kelly Clarkson Talks American Idol & Dr. Luke | Interview,13,375,14.72
218959,Grace VanderWaal - Just The Beginning,30,1459,33.21
219007,Painting With My Rat Son 🐀🐾,6,1493,0
219054,Weezer - Beach Boys,17,15917,31.32
219134,Farage to Juncker: You've Learnt Nothing from Brexit,7,66,12.22
219141,Hand In Hand A Benefit For Hurricane Relief | MTV,9,1383,15.21
219154,UK: Uncover More Pokémon Ultra Sun and Pokémon Ultra Moon Secrets!,15,446,3.48
219156,Bolton 0-1 Blades - match action,6,115,14.56
219177,The Problem With Our Phones,19,3371,5.36
219237,The Clowns Who Say the 'IT' Movie Could Ruin Their Careers | This Morning,7,597,6.65
219286,GET READY WITH ME! - ft. old friend,17,538,6.75
219323,Finally Wendy with Cece Peniston!,67,21418,39
219364,What Do You Want to Eat?!,28,633,31.82
219378,X Ambassadors - Ahead Of Myself,12,436,21
219399,WHY I STOPPED UPLOADING,8,145,15.12
219429,Sarah Huckabee Sanders on Jemele Hill,21,391,26.68
219430,MY BABY!,7,110,18.4
219455,How Aaron Carter Deals with Stress,10,1202,3.48
219460,It's Time For The Jack & Reiss Show!!! | Arsenal v FC Köln Starting 11,19,93,24.57
219461,Doom and Wolfenstein 2 for Switch Announcement Trailer,20,238,14.26
219498,Fenty Beauty Pro Filt'r Foundation Review|| Nyma Tang #thedarkestshade,7,127,3.4
219507,What's In This 90s Mystery Caboodle?,9,319,3.24
219525,Minecraft for New Nintendo 3DS Edition Revealed - Out Today! (Nintendo Direct 9.13.2017),8,119,12.39
219563,Jumping Through Impossible Shapes!,6,622,2.64
219592,MOVING VLOG #2 | EVERYTHING IS PINK, A HOUSE TOUR OF WHAT I'VE DONE SO FAR+ BUILDING IKEA FURNITURE!,8,120,15.2
219593,Ringo Starr on peace, love, and why he thinks Brexit is a 'great move' - BBC Newsnight,26,602,17.92
219595,Gigi Hadid Loses High Heel During Fashion Week, Walks It Off Like a Pro | TMZ,14,415,19.92
219598,Drowning for Power - Rooster Teeth Animated Adventures,6,61,5.52
219627,Super Mario Odyssey - Nintendo Direct 13.09.2017,17,147,12.61
219633,How To Make LLOYD From The NEW LEGO NINJAGO MOVIE Out Of CAKE | Yolanda Gampp | How To Cake It,7,84,5.64
219634,IM GONNA BE A FATHER (Things Got Awkward),13,560,4.5
219642,Suicide Prevention Day - Words from Draven Sebastian Bennington,9,133,13.2
219690,Minelli - Empty Spaces (Official Video) [Ultra Music],10,380,12.12
219693,[MV] GFRIEND(여자친구) _ Summer Rain(여름비),7,109,2.4
219724,The Good Boys Of YouTube (The Jimquisition),12,496,15.99
219762,Fifty Shades Freed - Teaser [HD],8,258,5.75
219771,PewDiePie Getting TAKEN DOWN After Saying N Word? KSI CALLS Out PewDiePie, Banks Defends Him,9,969,4.55
219775,Lil Yachty - Better ft. Stefflon Don,14,618,1.64
219790,Stevie Wonder Mocks Climate Change Deniers During 'Hand In Hand' Telethon,10,1135,0
219832,How Computers Compress Text: Huffman Coding and Huffman Trees,15,357,11.16
219887,$3 Seafood Vs. $213 Seafood • Australia,7,106,7.08
219901,Last Week I Found Jesus,30,2269,3.99
219911,TESTING SOPH X MAKEUP REVOLUTION PALETTES!! | sophdoesnails,7,1000,0
219920,Exclusive: President Trump Being Drugged Ahead Of Coup, Sources Claim,34,1795,32.4
219921,CHOCOLATE CHIP COOKIE CUPCAKES - NERDY NUMMIES,15,1642,2.64
219975,Larry's Back & Nothing Has Changed | Curb Your Enthusiasm Season 9 Trailer #2 (2017) | HBO,26,555,44.4
219993,Jim Carrey Sounds Off on Icons and More at NYFW 2017 | E! Live from the Red Carpet,6,165,10.78
220034,Zappacosta Scores A Screamer. Watch The Goals & More From Chelsea vs Qarabag | The Reaction,9,234,11.18
220093,The Sopranos Phil Leotardo scared Lorraine HD,23,1144,27.14
220120,Stephen A. Smith, Snoop Dogg and Magic Johnson discuss Colin Kaepernick | First Take | ESPN,11,514,11.22
220131,FENTY BEAUTY by Rihanna Review + Tutorial | Alissa Ashley,6,390,2.22
220135,Tommy Wiseau On Why James Franco Was Perfect For 'The Disaster Artist' | Los Angeles Times,37,416,39.48
220272,Was It Worth It?,9,181,7.1
220329,Pitbull defends owner from being attacked by dog. (Graphic) 2017,10,152,24.6
220356,Can You Assume Sexuality Based on a First Impression? | Tell My Story,8,224,3.15
220380,FENTY BEAUTY By Rihanna Review + Wear Test,14,227,14.43
220413,6X EXTREME SPICY NOODLE CAR RIDE (I CRIED) | Ranz and Niana,6,174,9.6
220456,Mean Girls on Broadway • Talking and Singing,6,302,0.69
220464,Doug hyde Summertime cake tutorial (ice cream van cake),11,369,12.84
220474,Things you need to know about Pennywise,14,183,27.6
220496,Killing spawn peekers can be hard sometimes,13,431,21.3
220502,Sunbro Invades Saboten Con 2017,7,150,2.43
220509,Harrison Styles is heading in One Direction… Boot Camp! | Auditions Week 2 | The X Factor 2017,11,250,33.54
220568,The Waterboys Best Hits,8,131,9.76
220603,What NOT to do at University,11,1367,6
220721,A tribute to Sir Bruce Forsyth - Strictly Come Dancing 2017: Launch,10,144,6.66
220790,How Kanye West’s ‘Graduation’ Changed Music | Genius News,7,199,18.63
220890,FAIL.. + *New* ESTEE LAUDER DOUBLE WEAR NUDE {First Impression Review & Demo!} 15 DAYS OF FOUNDATION,9,138,16.2
220904,The Constitution of the Spartans,42,1785,33.48
220937,what is derealisation / depersonalisation?,31,447,26.68
220943,EnVy Eats - Episode 1- Taimou Style Meatballs,18,201,17.4
221057,The Calling - The Killers live at the O2 Academy Brixton 12/09/17,9,1069,2.13
221073,FENTY BEAUTY by RIHANNA FULL REVIEW,8,575,10.01
221082,Noel Gallagher Don't Look Back In Anger We Are Manchester 9/9/17 Oasis,9,566,15.24
221089,Viral Instagram Makeup Trends!! Wavy Eyebrows Tested! Alisha Marie,7,81,4.32
221133,The Villainess - Official UK trailer,6,194,13.86
221151,Sonic Mania - Green Hill Zone Act 1 in 0'28'61 (Sonic) [SWITCH WR],28,1156,11.1
221179,Try-On FALL HAUL! Fashion + Drugstore Makeup | Ingrid Nilsen,6,142,13.6
221215,GOLD DIVA MACARONS- The Scran Line,6,224,0.71
221229,Dillon Francis - Apple Keynote/iPhone X Reaction Video,22,204,24.82
221233,El Día Después (11/09/2017): El primer día de Dembelé,9,1106,0
221243,TESTING WEIRD PUPPY TOYS WITH PUPPY!!! *CUTE*,10,943,0
221274,BRIGHTON & HOVE ALBION 3 WEST BROMWICH ALBION 1,17,274,26.22
221342,Los jugadores de Sacachispas entraron vestidos de guerreros vs Sarmiento (Copa Argentina),7,240,4.4
221351,MINIMINTER REACTS TO KSI - ADAM'S APPLE,6,681,9.03
221354,Outrageous Post!,17,271,12.42
221373,Tom Fletcher Book Club at WHSmith,6,240,15.68
221408,Resumen de FC Barcelona vs RCD Espanyol (5-0),6,707,9.23
221414,Fool Me Once.... [GTA 5],16,293,8.96
221419,Mike Pence Delivers Moving Speech in Shanksville, PA. Flight 93.,28,524,17.1
221433,President Trump Delivers a Statement on Hurricane Irma 9/10/17,20,438,20.9
221495,Tying a Shoe,32,7201,41.16
221563,kirstin - Bad Weather (Official Video),28,6231,59.8
221620,50 AMAZING Facts to Blow Your Mind! #88,16,415,21.56
221623,Burning device filmed on tube carriage at Parsons Green station,21,987,12.3
221624,10 Reasons NOT To Buy iPhone X!,10,230,9.72
221629,MYKONOS FAMILY HOLIDAY,24,450,14.44
221649,Homeware & Disney Primark Haul!,114,79413,19
221686,Cardi B. On Her BET Nominations, Nicki Minaj, Dating Offset & Keeping It Hood,47,3868,5.22
221689,INSECURE Season 2 TRAILER (2017) HBO Series,30,253,34.98
221693,100% PURE UNCUT HOLO *not drugz* *for nails*,101,6765,21.25
221697,How The Cast Of It Should Really Look,19,884,2.5
221721,Miley Cyrus - See You Again in the Live Lounge,30,3399,0.61
221737,We need to talk,9,300,5.55
221744,Why Does the Mac Mini Exist in 2017?,10,575,0
221751,Shakira - Perro Fiel (Official Video) ft. Nicky Jam,6,143,9.2
221761,Live Stream: Canelo vs. Golovkin Official Weigh-In – Friday, Sept. 15 at 3:30pm ET/12:30pm PT,13,81,53.32
221786,Jessie J - Think About That,8,116,27.82
221791,PLAYING WITH MAGIC MAKEUP?? | NikkieTutorials,25,318,22.42
221800,Rick and Morty: Has Rick Changed?,22,3406,24.18
221815,Liverpool 1-1 Burnley: Jurgen Klopp Post-Match Press Conference,6,607,7.12
221907,Stormzy - Sweet Like Chocolate (Shanks & Bigfoot cover) in the Live Lounge,14,176,4.72
221938,OUR WEDDING PHOTOS,6,102,9.76
221999,Crystal Maze Contestant Gets Stuck on Planet,9,409,31.59
222007,NEVER BEEN THIS NERVOUS TO MEET SOMEBODY!,20,314,10.5
222068,BF/GF PRANK WARS HAVE BEGUN!,21,886,9
222069,FLYING TO MY HOMELAND! - World Flight Episode 18,24,398,14.1
222077,We were the better team but had no Game Plan West Brom 0 West Ham 0,12,186,4.3
222079,Time to find out what's wrong at the DOCTORS!,43,11094,30.72
222099,Parsons Green: 'There was a human stampede' - BBC News,37,3912,23.1
222143,Drawing Weird Australian Phrases (Feat. Draw with Jazza) (mate),16,242,20.64
222174,Getafe vs Barcelona 1-2 - All Goals & Extended Highlights - La Liga 16/09/2017 HD,13,220,11.07
222190,Vampy Fall Look | New Makeup -- Nicole Guerriero,6,799,1.88
222297,Game of Thrones Conquest & Rebellion: An Animated History of the Seven Kingdoms (Clip),6,241,6.65
222299,3 DIY FRUIT FLAVORED CUPCAKES!,7,238,2.64
222314,BTS (방탄소년단) 'DNA' Official Teaser 2,13,327,18.19
222339,The Insane Full House Theory That Might Be True,6,155,7.74
222368,New! BURTS BEES GOODNESS GLOWS FOUNDATION {First Impression & Demo!} 15 DAYS OF FOUNDATION,14,321,10.08
222521,Everything I Ate In PARIS | Food Diary Friday Vlog | Melanie Murphy,8,509,1.96
222531,ALL THE MONEY IN THE WORLD - Official Trailer (HD),108,1778,92.43
222536,Pregnancy CHAT & BUMP Update! 19-23 Weeks | Fleur De Vlog,6,74,10.53
222582,Fall Out Boy - The Last Of The Real Ones,52,3895,42.84
222587,My Day at Apple with the new iPhone X!,26,140,35.37
222758,Mother! - Movie Review,8,150,6.79
222768,I Ordered The First 5 Free Things From Wish,20,2504,3.39
222838,Cool Hand Luke - Harry Dean Stanton - Just A Closer Walk With Thee,6,284,13.3
222906,Close look at Victoria Beckham Make up Products,9,245,4.76
222913,My Butt Has Some Complaints About Australia,71,3647,36.9
222923,VEGAN BANANA BREAD & DINNER AT CLARIDGES,6,348,2.54
222937,Bill Skarsgård's Demonic “IT Smile  - CONAN on TBS,57,1426,32.56
222949,Champions League Highlights | Feyenoord 0-4 Manchester City,17,354,23.37
222974,OMG!  Fights break out as Cologne fans take over London Arsenal vs Cologne Full video,8,237,8.82
222994,GET READY WITH ME: PR UNBOXING AND TESTING NEW MAKEUP COLLECTIONS | VLOG 35,10,392,6.3
223151,TWIN PEAKS 2017 clip - Red River Valley,101,458030,97.37
223159,Harry Dean Stanton - Blue Eyes Crying In The Rain,23,138,29.64
223186,Lethal Bizzle Teaches Dame Judi Dench How To Rap,6,674,5.7
223218,DID I REALLY BUY SHOES ON EBAY? | YEEZYS, VALENTINO AND STRAIGHT UP COPIES.,9,378,4.34
223226,CHANGING MY HAIR! | Amelia Liana,58,2185,22.75
223233,EXPOSING WHAT MY SCHOOL WAS LIKE,6,155,5.64
223264,Watford 0-6 - Manchester City - Pep Guardiola Full Post Match Press Conference - Premier League,6,706,7.65
223295,Trapped in a Snake Tank Pt. 2: 6ft Boa Constrictor,14,455,2.46
223297,Nick Jonas Is the New Late Late Intern,6,74,4.48
223321,BLINDFOLD GYMNASTICS CHALLENGE😱,170,82221,59.89
223340,I'M SO DONE WITH THIS..,10,262,2.32
223359,What will you be Turned Into in Space in 60 Seconds Without a Spacesuit,17,781,4.16
223363,The Repo Code - Repo Man (4/10) Movie CLIP (1984) HD,10,47,15.47
223368,Hello, world. Meet our baby girl: Alexis Olympia Ohanian, Jr.,9,1151,0
223374,LEGO Ultimate Collectors Series Millennium Falcon (2017) Review!,16,188,8.16
223406,Shawn Mendes Got Roughed Up by Drake's Security Team,10,498,1.95
223412,IT PENNYWISE GLAM HALLOWEEN MAKEUP TUTORIAL,6,68,5.12
223431,De La Ghetto, Daddy Yankee, Ozuna & Chris Jeday - La Formula | Video Oficial,11,198,5.28
223473,London police investigate explosion on train,18,200,36.12
223499,FAMILY PHOTOSHOOT!,21,522,14.3
223505,Lana Del Rey - White Mustang (Official Video),19,17368,0
223575,Dua Lipa x Gallant // In The Room // Episode 6,7,215,7.74
223578,Official US Find Your Voice Trailer - Disney/Pixar's Coco,6,91,14.42
223595,IS IT A SCAM?? || SHEIN TRY-ON HAUL,20,860,1.11
223605,Machine Gun Kelly - Let You Go,9,642,2.66
223616,SOY PABLO Extended Trailer  -- A Bad Lip Reading of Narcos, a Netflix Original Series,6,151,13.56
223648,Sarah Sanders Ducks Question About Donald Trump's Hypocrisy,19,774,24.51
223661,Sean Spicer on Inauguration Crowd and Press Corps,9,595,10.92
223683,Dillon Francis Hurts His Body with Spicy Wings | Hot Ones,64,4987,21.66
223691,The Road to 5,000,000! [LIVE],8,353,2.02
223705,The Impossible Big Mac Challenge DESTROYED,6,161,0
223734,THE PERFECT CLONE,7,112,6.02
223767,Life After Hate | September 13, 2017 Act 3 | Full Frontal on TBS,7,110,0
223789,FENTY BEAUTY - Worth The Hype?! | Fleur De Force,16,344,12.76
223791,SPIKED by a Sea Urchin?,48,1107,27.88
223805,Norm Macdonald Is A Comic Genius,12,389,0.72
223811,The xx - On Hold (Jamie xx Remix),12,379,5.04
223837,BACK TO SCHOOL OUTFIT IDEAS // Grace Helbig,12,130,16.83
223843,NYFW, LIMO RIDES & A BIG UNBOXING | Carli Bybel,11,717,13.56
223863,1 YEAR OF VLOGGING -- HOW LOGAN PAUL CHANGED YOUTUBE FOREVER!,8,94,8.33
223868,iPhone X (parody),6,77,1.89
223916,Cathro Course Preview // 2017 SES Round 5 - Laggan Wolftrax,11,99,32
223965,渡辺信一郎監督 ブラックアウト 2022 予告,8,296,12.15
224048,VICTORIA BECKHAM COLLECTION | Hot or Not,13,474,77.72
224143,Lil Yachty - Better ft. Stefflon Don,9,2962,1.7
224188,Resumen de Getafe CF vs FC Barcelona (1-2),97,2958,80.6
224196,TRANSITIONAL HIGH STREET HAUL | Samantha Maria,8,174,20.52
224227,WELCOME BABY TAIKA!,10,131,2.28
224231,Apple iPhone X first look,16,897,17.6
224275,How To Get Rid Of Blackheads And Whiteheads - BeBeautiful,24,721,14.76
224322,Gucci Mane - Curve feat The Weeknd [Official Audio],28,246,17.7
224346,The Floor is Lava,37,593,70.62
224356,Kevin Owens brutally attacks Mr. McMahon: SmackDown LIVE, Sept. 12, 2017,8,223,7.26
224361,Buying Things For The House & Getting Hurt | Tanya Burr,31,240,35.26
224362,My DNA Test Results! I'm WHAT?!,6,209,15
224368,Playing with old fridges  Kills -  public information film 1970s UK advert,106,4544,36.72
224430,Assassin’s Creed Origins: Order of the Ancients | Trailer | Ubisoft [US],6,161,3.96
224450,Grace VanderWaal - Just The Beginning,7,376,2.5
224452,Everything Wrong With Alien: Covenant In 16 Minutes Or Less,13,169,7.44
224545,AUTOMATICA 4k - Robots Vs. Music - Nigel Stanford,18,149,20.32
224800,Mayweather Calls Out Trump Hysteria,11,677,8
224885,PRETTYMUCH - Would You Mind (Official Video),8,136,2.06
224907,I Saw Her Standing There Paul McCartney & Bruce Springsteen@MSG New York 9/15/17,13,310,8.14
224962,The real reason To Kill A Mockingbird became so famous,6,108,4.1
224969,Fergie - You Already Know ft. Nicki Minaj,24,460,20.16
224971,Honest Trailers - The Mummy (2017),35,311,30.8
224985,VLOG DAY 1&2 | TAKING ON LOS ANGELES WITH MY BESTFRIENDS!,24,9036,1.83
224990,PUBG AIRSOFT - REAL LIFE BATTLEGROUNDS!,21,328,31.04
225009,Bell's Theorem: The Quantum Venn Diagram Paradox,7,198,21.06
225020,A HOME DAY VLOG | Lily Pebbles,10,84,11.85
225044,Angelica Hale: 10-Year-Old Singer Blows The Audience Away - America's Got Talent 2017,9,384,5.05
225098,Lore - Official Trailer [HD] | Amazon Video,10,329,5.2
225104,BOBBY - ‘RUNAWAY’ M/V,21,414,20.1
225119,TWICE「One More Time」TEASER,10,1338,9.48
225137,Rudimental - Sun Comes Up feat. James Arthur [Official Video],19,118,20.02
225213,Best Floyd Mayweather Interview | Awkward Puppets,327,102434,84.7
225217,Meet Me in the Gap - Cher & Future - Full TV Spot,11,1489,1.72
225334,Mario Party: The Top 100 - Announcement Trailer - Nintendo 3DS,7,420,4.44
225408,Jim Carrey Explains Bizarre Interview at New York Fashion Week (2017),6,122,11.61
225432,Radiohead - Lift,18,464,4.9
225447,Nerf Bow Trick Shots | Dude Perfect,73,1183,16.94
225474,FALL ESSENTIALS YOU NEED! BEAUTY & LIFESTYLE | Casey Holmes,13,707,12.6
225513,Weezer - Beach Boys,10,4092,6.8
225563,REVEALED - FIFA 18 stats for Chelsea's Hazard, Luiz & Christensen!,49,4433,18.3
225610,S'mores Alaska with Italian Meringue PLUS a Special Announcement! | Cupcake Jemma,6,618,5
225613,261 kph WATER ROCKET TRIKE ǀ 0-100 kph in 0.55 second (5.1g) ǀ Rider: François Gissy,20,226,3.36
225662,A Day In The Life: What I Eat In A Day | The Anna Edit,32,578,60.26
225712,Kelly Clarkson Talks American Idol & Dr. Luke | Interview,16,425,14.82
225725,Bryson Tiller - Run Me Dry (Official Video),18,167,18.7
225747,Film Theory: Ariel is RELATED to Hercules?! (Disney’s Connected Universe),6,115,8.96
225760,Juicy Chicken Breast - You Suck at Cooking (episode 65),6,565,1.17
225776,getting into a conversation in a language you don't actually speak that well,6,469,6.45
225889,Downsizing (2017) - Official Trailer - Paramount Pictures,11,87,5.22
225939,GET READY WITH ME! - ft. old friend,8,83,3.96
226049,Carly Rae Jepsen - Cut To The Feeling,6,129,0.64
226051,What's Actually the Plane of the Future,31,648,53.55
226100,Berry Frozen Yogurt Bark Recipe,10,5469,1.11
226177,The Child in Time: Trailer - BBC One,26,378,15.4
226307,Does Maggie Gyllenhaal Have Taylor Swift’s Scarf? | WWHL,7,92,4.06
226421,Automatic For The People 25th Anniversary Trailer,14,118,11.34
226446,Finally Wendy with Cece Peniston!,8,140,25.46
226458,Painting With My Rat Son 🐀🐾,10,371,3.76
226621,Hand In Hand A Benefit For Hurricane Relief | MTV,19,1282,29.26
226650,Farage to Juncker: You've Learnt Nothing from Brexit,6,54,6.48
226693,The Problem With Our Phones,44,486,24.99
226751,The Clowns Who Say the 'IT' Movie Could Ruin Their Careers | This Morning,10,477,5.04
226855,Bolton 0-1 Blades - match action,14,198,25.92
226862,What Do You Want to Eat?!,9,167,14.56
226883,MY BABY!,146,4814,31.44
226921,Jumping Through Impossible Shapes!,116,3247,62.4
227028,It's Time For The Jack & Reiss Show!!! | Arsenal v FC Köln Starting 11,14,126,11.85
227060,What's In This 90s Mystery Caboodle?,24,282,12.74
227095,Doom and Wolfenstein 2 for Switch Announcement Trailer,8,112,12.2
227096,Fenty Beauty Pro Filt'r Foundation Review|| Nyma Tang #thedarkestshade,6,50,3.84
227126,Minecraft for New Nintendo 3DS Edition Revealed - Out Today! (Nintendo Direct 9.13.2017),6,207,2.64
227260,Ringo Starr on peace, love, and why he thinks Brexit is a 'great move' - BBC Newsnight,7,313,8.85
227346,MOVING VLOG #2 | EVERYTHING IS PINK, A HOUSE TOUR OF WHAT I'VE DONE SO FAR+ BUILDING IKEA FURNITURE!,7,180,4.56
227357,Super Mario Odyssey - Nintendo Direct 13.09.2017,26,280,15.15
227417,6X EXTREME SPICY NOODLE CAR RIDE (I CRIED) | Ranz and Niana,45,1291,21.78
227450,How To Make LLOYD From The NEW LEGO NINJAGO MOVIE Out Of CAKE | Yolanda Gampp | How To Cake It,15,3029,3
227487,How Aaron Carter Deals with Stress,56,824,61
227491,Drowning for Power - Rooster Teeth Animated Adventures,18,532,102.06
227581,Jim Carrey Sounds Off on Icons and More at NYFW 2017 | E! Live from the Red Carpet,6,282,6.12
227604,The Good Boys Of YouTube (The Jimquisition),22,442,8.37
227640,Minelli - Empty Spaces (Official Video) [Ultra Music],24,402,13.49
227697,Suicide Prevention Day - Words from Draven Sebastian Bennington,8,188,4.41
227719,[MV] GFRIEND(여자친구) _ Summer Rain(여름비),21,822,26.39
227906,IM GONNA BE A FATHER (Things Got Awkward),21,228,10.32
228038,Jim Carrey Gets Weird: Andy Kaufman Parallels & Making 'Jim & Andy: The Great Beyond' | TIFF 2017,8,67,13.8
228061,The Sopranos Phil Leotardo scared Lorraine HD,10,2724,5.82
228080,Marilyn Manson - WE KNOW WHERE YOU FUCKING LIVE (official audio),6,75,22.22
228101,Gigi Hadid Loses High Heel During Fashion Week, Walks It Off Like a Pro | TMZ,32,322,15.64
228144,Tallest high top fade - Guinness World Records,10,381,4.92
228169,Was It Worth It?,10,2450,1.78
228239,Last Week I Found Jesus,40,211,26.6
228244,$3 Seafood Vs. $213 Seafood • Australia,36,631,53.04
228303,Stevie Wonder Mocks Climate Change Deniers During 'Hand In Hand' Telethon,20,626,2.55
228326,FENTY BEAUTY By Rihanna Review + Wear Test,24,840,39.93
228333,Exclusive: President Trump Being Drugged Ahead Of Coup, Sources Claim,31,642,39.9
228341,Larry's Back & Nothing Has Changed | Curb Your Enthusiasm Season 9 Trailer #2 (2017) | HBO,25,754,38.11
228345,How Computers Compress Text: Huffman Coding and Huffman Trees,6,74,3.54
228474,The Waterboys Best Hits,6,421,13.2
228488,Stephen A. Smith, Snoop Dogg and Magic Johnson discuss Colin Kaepernick | First Take | ESPN,13,794,18.19
228499,Zappacosta Scores A Screamer. Watch The Goals & More From Chelsea vs Qarabag | The Reaction,10,158,7.04
228523,TESTING SOPH X MAKEUP REVOLUTION PALETTES!! | sophdoesnails,22,1151,74.97
228538,FENTY BEAUTY by Rihanna Review + Tutorial | Alissa Ashley,10,2200,3.99
228568,Tommy Wiseau On Why James Franco Was Perfect For 'The Disaster Artist' | Los Angeles Times,7,168,7.7
228698,Harrison Styles is heading in One Direction… Boot Camp! | Auditions Week 2 | The X Factor 2017,6,415,0
228699,Pitbull defends owner from being attacked by dog. (Graphic) 2017,37,720,48
228742,Can You Assume Sexuality Based on a First Impression? | Tell My Story,12,393,10.1
228823,Doug hyde Summertime cake tutorial (ice cream van cake),25,804,24.75